0,37.780396,-122.43331,00:00:00,0,"1420 Turk Street, San Francisco, CA 94115, USA"
0,37.7800136,-122.4359921,00:00:15,0.148818400484,"1600-1698 Turk Street, San Francisco, CA 94115, USA"
0,37.78153255,-122.4390565,00:00:55,0.13048795032,"1300 Divisadero Street, San Francisco, CA 94115, USA"
0,37.7831043,-122.44162875,00:01:38,0.121788753632,"2320 Geary Boulevard, San Francisco, CA 94121, USA"
0,37.782616,-122.4458104,00:02:10,0.911551538664,"999 Presidio Avenue, San Francisco, CA 94115, USA"
0,37.7834739,-122.4459932,00:02:25,0.971824544288,"900 Presidio Avenue, San Francisco, CA 94115, USA"
0,37.783466,-122.446056,00:02:25,0.971824544288,"901-949 Presidio Avenue, San Francisco, CA 94115, USA"
1,37.78906,-122.402127,00:00:00,0,"1 Post Street, San Francisco, CA 94104, USA"
1,37.7891114,-122.4020365,00:00:01,0.005592340728,"1 Montgomery Street, San Francisco, CA 94104, USA"
1,37.7888206,-122.402,00:00:06,0.026097590064,"44 Montgomery Street, San Francisco, CA 94104, USA"
1,37.7879330166667,-122.4031215,00:00:21,0.086681281284,"700-724 Market Street, San Francisco, CA 94105, USA"
1,37.7870454333333,-122.404243,00:00:36,0.173362562568,"740 Market Street, San Francisco, CA 94102, USA"
1,37.78615785,-122.4053645,00:00:51,0.260043843852,"765 Market Street, San Francisco, CA 94102, USA"
1,37.7852702666667,-122.406486,00:01:06,0.346725125136,"833 Market Street, San Francisco, CA 94102, USA"
1,37.7843826833333,-122.4076075,00:01:21,0.43340640642,"899 Market Street, San Francisco, CA 94103, USA"
1,37.7832710214286,-122.410484214286,00:01:54,0.0971114405782857,"90 Turk Street, San Francisco, CA 94109, USA"
1,37.7830469428571,-122.412239428571,00:02:09,0.194222881156571,"180 Turk Street, San Francisco, CA 94109, USA"
1,37.7828228642857,-122.413994642857,00:02:24,0.291334321734857,"292 Turk Street, San Francisco, CA 94109, USA"
1,37.7825987857143,-122.415749857143,00:02:39,0.388445762313143,"400 Turk Street, San Francisco, CA 94102, USA"
1,37.7823747071429,-122.417505071429,00:02:54,0.485557202891429,"508 Turk Street, San Francisco, CA 94102, USA"
1,37.7821506285714,-122.419260285714,00:03:09,0.582668643469714,"600-640 Turk Street, San Francisco, CA 94102, USA"
1,37.78192655,-122.4210155,00:03:24,0.679780084048,"700-746 Turk Street, San Francisco, CA 94102, USA"
1,37.7817024714286,-122.422770714286,00:03:39,0.776891524626286,"800-868 Turk Street, San Francisco, CA 94102, USA"
1,37.7814783928572,-122.424525928571,00:03:54,0.874002965204571,"900-996 Turk Street, San Francisco, CA 94102, USA"
1,37.7812543142857,-122.426281142857,00:04:09,0.971114405782857,"1011 Turk Street, San Francisco, CA 94109, USA"
1,37.7810302357143,-122.428036357143,00:04:24,1.06822584636114,"1146 Turk Street, San Francisco, CA 94109, USA"
1,37.7808061571429,-122.429791571428,00:04:39,1.16533728693943,"1264 Turk Street, San Francisco, CA 94109, USA"
1,37.7805820785714,-122.431546785714,00:04:54,1.26244872751771,"1366 Turk Street, San Francisco, CA 94115, USA"
1,37.780396,-122.43331,00:05:15,1.905745445864,"1420 Turk Street, San Francisco, CA 94115, USA"
2,37.7855965,-122.4458244,00:00:00,0,"2948 Bush Street, San Francisco, CA 94104, USA"
2,37.78563904,-122.44431426,00:00:10,0.0818967231056,"2859 Bush Street, San Francisco, CA 94104, USA"
2,37.78582868,-122.44283432,00:00:20,0.1637934462112,"2773 Bush Street, San Francisco, CA 94104, USA"
2,37.78601832,-122.44135438,00:00:30,0.2456901693168,"2655 Bush Street, San Francisco, CA 94115, USA"
2,37.78620796,-122.43987444,00:00:40,0.3275868924224,"2511-2599 Bush Street, San Francisco, CA 94115, USA"
2,37.78734095,-122.43857845,00:01:08,0.065865346352,"1900-1920 Scott Street, San Francisco, CA 94115, USA"
2,37.7883718,-122.4380825,00:01:30,0.579117950944,"2660-2664 California Street, San Francisco, CA 94115, USA"
2,37.7882996,-122.4380676,00:01:30,0.579117950944,"2661 California Street, San Francisco, CA 94115, USA"
3,37.78906,-122.402127,00:00:00,0,"1 Post Street, San Francisco, CA 94104, USA"
3,37.7891114,-122.4020365,00:00:01,0.005592340728,"1 Montgomery Street, San Francisco, CA 94104, USA"
3,37.7888206,-122.402,00:00:06,0.026097590064,"44 Montgomery Street, San Francisco, CA 94104, USA"
3,37.7878999411765,-122.404143908824,00:00:29,0.0666329225303529,"30-36 Geary Street, San Francisco, CA 94108, USA"
3,37.7877457823529,-122.405346417647,00:00:39,0.133265845060706,"100-130 Geary Street, San Francisco, CA 94108, USA"
3,37.7875916235294,-122.406548926471,00:00:49,0.199898767591059,"157-199 Geary Street, San Francisco, CA 94108, USA"
3,37.7874374647059,-122.407751435294,00:00:59,0.266531690121412,"285 Geary Street, San Francisco, CA 94102, USA"
3,37.7872833058824,-122.408953944118,00:01:09,0.333164612651765,"347 Geary Street, San Francisco, CA 94102, USA"
3,37.7871291470588,-122.410156452941,00:01:19,0.399797535182118,"400 Geary Street, San Francisco, CA 94102, USA"
3,37.7869749882353,-122.411358961765,00:01:29,0.46643045771247,"490 Geary Street, San Francisco, CA 94102, USA"
3,37.7868208294118,-122.412561470588,00:01:39,0.533063380242823,"561 Geary Street, San Francisco, CA 94102, USA"
3,37.7866666705883,-122.413763979412,00:01:49,0.599696302773176,"639-651 Geary Street, San Francisco, CA 94102, USA"
3,37.7865125117647,-122.414966488235,00:01:59,0.666329225303529,"705 Geary Street, San Francisco, CA 94109, USA"
3,37.7863583529412,-122.416168997059,00:02:09,0.732962147833882,"775-795 Geary Street, San Francisco, CA 94109, USA"
3,37.7862041941177,-122.417371505882,00:02:19,0.799595070364235,"855 Geary Street, San Francisco, CA 94102, USA"
3,37.7860500352941,-122.418574014706,00:02:29,0.866227992894588,"925 Geary Street, San Francisco, CA 94109, USA"
3,37.7858958764706,-122.419776523529,00:02:39,0.932860915424941,"965 Polk Street, San Francisco, CA 94109, USA"
3,37.7857417176471,-122.420979032353,00:02:49,0.999493837955294,"1059-1099 Geary Street, San Francisco, CA 94109, USA"
3,37.7855875588236,-122.422181541176,00:02:59,1.06612676048565,"1109 Geary Boulevard, San Francisco, CA 94121, USA"
3,37.7854334,-122.42338405,00:03:09,1.132759683016,"1201-1279 Geary Boulevard, San Francisco, CA 94109, USA"
3,37.7852792411765,-122.424586558823,00:03:19,1.19939260554635,"2-98 Starr King Way, San Francisco, CA 94109, USA"
3,37.785125082353,-122.425789067647,00:03:29,1.26602552807671,"1301 Geary Boulevard, San Francisco, CA 94109, USA"
3,37.7849709235295,-122.42699157647,00:03:39,1.33265845060706,"1401-1499 Geary Boulevard, San Francisco, CA 94109, USA"
3,37.7848167647059,-122.428194085294,00:03:49,1.39929137313741,"1545 Geary Boulevard, San Francisco, CA 94121, USA"
3,37.7846626058824,-122.429396594118,00:03:59,1.46592429566776,"1555 Geary Boulevard, San Francisco, CA 94121, USA"
3,37.7845084470589,-122.430599102941,00:04:09,1.53255721819812,"1660 Geary Boulevard, Japan Center, Nihonmachi Mall Shopping Center, San Francisco, CA 94121, USA"
3,37.7843542882353,-122.431801611765,00:04:19,1.59919014072847,"1499 Geary Boulevard, San Francisco, CA 94115, USA"
3,37.7842001294118,-122.433004120588,00:04:29,1.66582306325882,"1805 Geary Boulevard, San Francisco, CA 94121, USA"
3,37.7840459705883,-122.434206629412,00:04:39,1.73245598578918,"1837 Geary Boulevard, San Francisco, CA 94121, USA"
3,37.7838918117648,-122.435409138235,00:04:49,1.79908890831953,"1903-1937 Geary Boulevard, San Francisco, CA 94115, USA"
3,37.7837376529412,-122.436611647059,00:04:59,1.86572183084988,"1939-2067 Geary Boulevard, San Francisco, CA 94115, USA"
3,37.7835834941177,-122.437814155882,00:05:09,1.93235475338024,"1400-1498 Scott Street, San Francisco, CA 94115, USA"
3,37.7834293352942,-122.439016664706,00:05:19,1.99898767591059,"2190 Geary Boulevard, San Francisco, CA 94115, USA"
3,37.7832751764707,-122.440219173529,00:05:29,2.06562059844094,"2238 Geary Boulevard, San Francisco, CA 94115, USA"
3,37.7831210176471,-122.441421682353,00:05:39,2.13225352097129,"2302 Geary Boulevard, San Francisco, CA 94121, USA"
3,37.7829668588236,-122.442624191176,00:05:49,2.19888644350165,"2364 Geary Boulevard, San Francisco, CA 94121, USA"
3,37.7835344333333,-122.446007733333,00:06:23,0.0644154802373333,"801-899 Presidio Avenue, San Francisco, CA 94115, USA"
3,37.7844528666667,-122.446205066667,00:06:33,0.128830960474667,"2760 Sutter Street, San Francisco, CA 94109, USA"
3,37.7854494,-122.4457942,00:06:57,2.701721942816,"2945-2951 Bush Street, San Francisco, CA 94115, USA"
3,37.7855965,-122.4458244,00:06:57,2.701721942816,"2948 Bush Street, San Francisco, CA 94104, USA"
4,37.7882996,-122.4380676,00:00:00,0,"2661 California Street, San Francisco, CA 94115, USA"
4,37.7882197,-122.43926445,00:00:10,0.06524397516,"2704 California Street, San Francisco, CA 94115, USA"
4,37.7869138,-122.441843225,00:00:44,0.087613338072,"2790-2798 Pine Street, San Francisco, CA 94115, USA"
4,37.7867087,-122.44342635,00:00:54,0.175226676144,"2896-2898 Pine Street, San Francisco, CA 94115, USA"
4,37.7865036,-122.445009475,00:01:04,0.262840014216,"2994 Pine Street, San Francisco, CA 94115, USA"
4,37.7853403111111,-122.446623844444,00:01:32,0.0698697384782222,"Euclid Avenue, San Francisco, CA 94118, USA"
4,37.7843821222222,-122.446655088889,00:01:42,0.139739476956444,"5636 Presidio Avenue, San Francisco, CA 94115, USA"
4,37.7834239333333,-122.446686333333,00:01:52,0.209609215434667,"949 Presidio Avenue, San Francisco, CA 94115, USA"
4,37.7824657444445,-122.446717577778,00:02:02,0.279478953912889,"2630 Geary Boulevard, San Francisco, CA 94118, USA"
4,37.7815075555556,-122.446748822222,00:02:12,0.349348692391111,"2546-2598 O'Farrell Street, San Francisco, CA, USA"
4,37.7805493666667,-122.446780066667,00:02:22,0.419218430869333,"100 Masonic Avenue, San Francisco, CA 94118, USA"
4,37.7795911777778,-122.446811311111,00:02:32,0.489088169347556,"250 Masonic Avenue, San Francisco, CA 94118, USA"
4,37.7786329888889,-122.446842555556,00:02:42,0.558957907825778,"2297 Turk Street, San Francisco, CA 94118, USA"
4,37.7775536,-122.4478057,00:03:08,1.227829475392,"2257 Golden Gate Avenue, San Francisco, CA 94118, USA"
4,37.7778357,-122.4478617,00:03:12,1.247713353536,"48 Annapolis Terrace, San Francisco, CA 94118, USA"
4,37.7778485,-122.4477584,00:03:12,1.247713353536,"48 Annapolis Terrace, San Francisco, CA 94118, USA"
5,37.78906,-122.402127,00:00:00,0,"1 Post Street, San Francisco, CA 94104, USA"
5,37.7891114,-122.4020365,00:00:01,0.005592340728,"1 Montgomery Street, San Francisco, CA 94104, USA"
5,37.7888206,-122.402,00:00:06,0.026097590064,"44 Montgomery Street, San Francisco, CA 94104, USA"
5,37.78791269,-122.404105693333,00:00:29,0.0643740554912,"30-36 Geary Street, San Francisco, CA 94108, USA"
5,37.78777128,-122.405269986667,00:00:39,0.1287481109824,"100-130 Geary Street, San Francisco, CA 94108, USA"
5,37.78762987,-122.40643428,00:00:49,0.1931221664736,"174-198 Geary Street, San Francisco, CA 94108, USA"
5,37.78748846,-122.407598573333,00:00:59,0.2574962219648,"260-298 Geary Street, San Francisco, CA 94108, USA"
5,37.78734705,-122.408762866667,00:01:09,0.321870277456,"310 Geary Street, San Francisco, CA 94102, USA"
5,37.78720564,-122.40992716,00:01:19,0.3862443329472,"401 Mason Street, San Francisco, CA 94102, USA"
5,37.78706423,-122.411091453333,00:01:29,0.4506183884384,"486 Geary Street, San Francisco, CA 94102, USA"
5,37.78692282,-122.412255746667,00:01:39,0.5149924439296,"542-546 Geary Street, San Francisco, CA 94102, USA"
5,37.78678141,-122.41342004,00:01:49,0.5793664994208,"600 Geary Street, San Francisco, CA 94102, USA"
5,37.78664,-122.414584333333,00:01:59,0.643740554912,"696 Geary Street, San Francisco, CA 94102, USA"
5,37.78649859,-122.415748626667,00:02:09,0.7081146104032,"760 Geary Street, San Francisco, CA 94102, USA"
5,37.78635718,-122.41691292,00:02:19,0.7724886658944,"822 Geary Street, San Francisco, CA 94102, USA"
5,37.78621577,-122.418077213333,00:02:29,0.8368627213856,"905 Larkin Street, San Francisco, CA 94109, USA"
5,37.78607436,-122.419241506667,00:02:39,0.9012367768768,"970 Geary Street, San Francisco, CA 94102, USA"
5,37.78593295,-122.4204058,00:02:49,0.965610832368,"1036 Geary Street, San Francisco, CA 94102, USA"
5,37.78579154,-122.421570093333,00:02:59,1.0299848878592,"1133 Van Ness Avenue, San Francisco, CA 94109, USA"
5,37.78565013,-122.422734386667,00:03:09,1.0943589433504,"1172-1198 Geary Boulevard, San Francisco, CA 94109, USA"
5,37.78550872,-122.42389868,00:03:19,1.1587329988416,"1200 Geary Boulevard, San Francisco, CA 94109, USA"
5,37.78536731,-122.425062973333,00:03:29,1.2231070543328,"1300-1332 Geary Boulevard, San Francisco, CA 94109, USA"
5,37.7852259,-122.426227266667,00:03:39,1.287481109824,"1400 Geary Boulevard, San Francisco, CA 94109, USA"
5,37.78508449,-122.42739156,00:03:49,1.3518551653152,"1462 Geary Boulevard, San Francisco, CA 94109, USA"
5,37.78494308,-122.428555853333,00:03:59,1.4162292208064,"1500-1572 Geary Boulevard, San Francisco, CA 94115, USA"
5,37.7848016700001,-122.429720146667,00:04:09,1.4806032762976,"1600-1668 Geary Boulevard, San Francisco, CA 94115, USA"
5,37.7846602600001,-122.43088444,00:04:19,1.5449773317888,"1694-1698 Geary Boulevard, San Francisco, CA 94115, USA"
5,37.7845188500001,-122.432048733333,00:04:29,1.60935138728,"1700-1794 Geary Boulevard, San Francisco, CA 94115, USA"
5,37.7843774400001,-122.433213026667,00:04:39,1.6737254427712,"1796-1804 Geary Boulevard, San Francisco, CA 94115, USA"
5,37.7842360300001,-122.43437732,00:04:49,1.7380994982624,"1850-1898 Geary Boulevard, San Francisco, CA 94115, USA"
5,37.7840946200001,-122.435541613333,00:04:59,1.8024735537536,"1900-2062 Geary Boulevard, San Francisco, CA 94115, USA"
5,37.7839532100001,-122.436705906667,00:05:09,1.8668476092448,"1900-2062 Geary Boulevard, San Francisco, CA 94115, USA"
5,37.7845572166667,-122.4380189,00:05:30,0.0520916182626667,"1600-1610 Scott Street, San Francisco, CA 94115, USA"
5,37.7853026333333,-122.4381676,00:05:40,0.104183236525333,"1658 Scott Street, San Francisco, CA 94115, USA"
5,37.78604805,-122.4383163,00:05:50,0.156274854788,"1710-1770 Scott Street, San Francisco, CA 94115, USA"
5,37.7867934666667,-122.438465,00:06:00,0.208366473050667,"1810 Scott Street, San Francisco, CA 94115, USA"
5,37.7875388833333,-122.4386137,00:06:10,0.260458091313333,"1920 Scott Street, San Francisco, CA 94115, USA"
5,37.7883718,-122.4380825,00:06:34,2.381715778936,"2660-2664 California Street, San Francisco, CA 94115, USA"
5,37.7882996,-122.4380676,00:06:34,2.381715778936,"2661 California Street, San Francisco, CA 94115, USA"
6,37.7775653,-122.4477894,00:00:00,0,"2240 Golden Gate Avenue, San Francisco, CA 94118, USA"
6,37.7776748,-122.4468738,00:00:09,0.051573808936,"400 Masonic Avenue, San Francisco, CA 94118, USA"
6,37.7785641375,-122.4469521875,00:00:19,0.062447804796,"300-350 Masonic Avenue, San Francisco, CA 94118, USA"
6,37.779453475,-122.447030575,00:00:29,0.124895609592,"200-240 Masonic Avenue, San Francisco, CA 94118, USA"
6,37.7803428125,-122.4471089625,00:00:39,0.187343414388,"100 Masonic Avenue, San Francisco, CA 94118, USA"
6,37.78123215,-122.44718735,00:00:49,0.249791219184,"2546-2598 O'Farrell Street, San Francisco, CA, USA"
6,37.7821214875,-122.4472657375,00:00:59,0.31223902398,"17 Masonic Avenue, San Francisco, CA 94117, USA"
6,37.783010825,-122.447344125,00:01:09,0.374686828776,"76-96 Masonic Avenue, San Francisco, CA 94115, USA"
6,37.7839001625,-122.4474225125,00:01:19,0.437134633572,"10-46 Masonic Avenue, San Francisco, CA 94115, USA"
6,37.7855390615385,-122.445098038462,00:01:59,0.07217465384,"2900 Bush Street, San Francisco, CA 94115, USA"
6,37.7857068230769,-122.443793676923,00:02:09,0.14434930768,"2803-2811 Bush Street, San Francisco, CA 94115, USA"
6,37.7858745846154,-122.442489315385,00:02:19,0.21652396152,"2739 Bush Street, San Francisco, CA 94104, USA"
6,37.7860423461539,-122.441184953846,00:02:29,0.28869861536,"2655 Bush Street, San Francisco, CA 94115, USA"
6,37.7862101076923,-122.439880592308,00:02:39,0.3608732692,"2570 Bush Street, San Francisco, CA 94104, USA"
6,37.7863778692308,-122.438576230769,00:02:49,0.43304792304,"2500-2504 Bush Street, San Francisco, CA 94115, USA"
6,37.7865456307692,-122.437271869231,00:02:59,0.50522257688,"2436 Bush Street, San Francisco, CA 94115, USA"
6,37.7867133923077,-122.435967507692,00:03:09,0.57739723072,"2300-2330 Bush Street, San Francisco, CA 94115, USA"
6,37.7868811538462,-122.434663146154,00:03:19,0.64957188456,"2268-2276 Bush Street, San Francisco, CA 94115, USA"
6,37.7870489153846,-122.433358784615,00:03:29,0.7217465384,"2190-2198 Bush Street, San Francisco, CA 94115, USA"
6,37.7872166769231,-122.432054423077,00:03:39,0.79392119224,"2100-2102 Bush Street, San Francisco, CA 94115, USA"
6,37.7873844384616,-122.430750061538,00:03:49,0.86609584608,"2043 Bush Street, Japan Center, San Francisco, CA 94104, USA"
6,37.787813,-122.429498,00:04:00,1.569583630992,"1956 Bush Street, San Francisco, CA 94115, USA"
7,37.78906,-122.402127,00:00:00,0,"1 Post Street, San Francisco, CA 94104, USA"
7,37.7891114,-122.4020365,00:00:01,0.005592340728,"1 Montgomery Street, San Francisco, CA 94104, USA"
7,37.7888206,-122.402,00:00:06,0.026097590064,"44 Montgomery Street, San Francisco, CA 94104, USA"
7,37.7882288777778,-122.402747666667,00:00:16,0.057787520856,"668 Market Street, San Francisco, CA 94103, USA"
7,37.7876371555556,-122.403495333333,00:00:26,0.115575041712,"701-703 Market Street, San Francisco, CA 94102, USA"
7,37.7870454333333,-122.404243,00:00:36,0.173362562568,"740 Market Street, San Francisco, CA 94102, USA"
7,37.7864537111111,-122.404990666667,00:00:46,0.231150083424,"757-759 Market Street, San Francisco, CA 94102, USA"
7,37.7858619888889,-122.405738333333,00:00:56,0.28893760428,"774-798 Market Street, San Francisco, CA 94102, USA"
7,37.7852702666667,-122.406486,00:01:06,0.346725125136,"833 Market Street, San Francisco, CA 94102, USA"
7,37.7846785444444,-122.407233666667,00:01:16,0.404512645992,"855 Market Street, San Francisco, CA 94102, USA"
7,37.7840868222222,-122.407981333333,00:01:26,0.462300166848,"877-899 Market Street, San Francisco, CA 94102, USA"
7,37.78333895625,-122.409956009375,00:01:49,0.06790422057575,"48 Turk Street, San Francisco, CA 94109, USA"
7,37.7831828125,-122.41118301875,00:01:59,0.1358084411515,"112 Turk Street, San Francisco, CA 94109, USA"
7,37.78302666875,-122.412410028125,00:02:09,0.20371266172725,"180 Turk Street, San Francisco, CA 94109, USA"
7,37.782870525,-122.4136370375,00:02:19,0.271616882303,"270-280 Turk Street, San Francisco, CA 94102, USA"
7,37.78271438125,-122.414864046875,00:02:29,0.33952110287875,"350 Turk Street, San Francisco, CA 94102, USA"
7,37.7825582375,-122.41609105625,00:02:39,0.4074253234545,"416 Turk Street, San Francisco, CA 94109, USA"
7,37.78240209375,-122.417318065625,00:02:49,0.47532954403025,"428-498 Turk Street, San Francisco, CA 94102, USA"
7,37.78224595,-122.418545075,00:02:59,0.543233764606,"550 Turk Street, San Francisco, CA 94102, USA"
7,37.78208980625,-122.419772084375,00:03:09,0.61113798518175,"640 Turk Street, San Francisco, CA 94109, USA"
7,37.7819336625,-122.42099909375,00:03:19,0.6790422057575,"700-746 Turk Street, San Francisco, CA 94102, USA"
7,37.78177751875,-122.422226103125,00:03:29,0.74694642633325,"798 Turk Street, San Francisco, CA 94102, USA"
7,37.781621375,-122.4234531125,00:03:39,0.814850646909,"870-888 Turk Street, San Francisco, CA 94102, USA"
7,37.78146523125,-122.424680121875,00:03:49,0.88275486748475,"900-996 Turk Street, San Francisco, CA 94102, USA"
7,37.7813090875,-122.42590713125,00:03:59,0.9506590880605,"998-1064 Turk Street, San Francisco, CA 94109, USA"
7,37.78115294375,-122.427134140625,00:04:09,1.01856330863625,"1066-1098 Turk Street, San Francisco, CA 94109, USA"
7,37.7809968,-122.42836115,00:04:19,1.086467529212,"1180 Turk Street, San Francisco, CA 94109, USA"
7,37.78084065625,-122.429588159375,00:04:29,1.15437174978775,"1232 Turk Street, San Francisco, CA 94109, USA"
7,37.7806845125001,-122.43081516875,00:04:39,1.2222759703635,"1310 Turk Street, San Francisco, CA 94109, USA"
7,37.7805283687501,-122.432042178125,00:04:49,1.29018019093925,"1366-1398 Turk Street, San Francisco, CA 94115, USA"
7,37.7803722250001,-122.4332691875,00:04:59,1.358084411515,"1420 Turk Street, San Francisco, CA 94115, USA"
7,37.7802160812501,-122.434496196875,00:05:09,1.42598863209075,"1560 Turk Street, San Francisco, CA 94109, USA"
7,37.7800599375001,-122.43572320625,00:05:19,1.4938928526665,"1600-1698 Turk Street, San Francisco, CA 94115, USA"
7,37.7799037937501,-122.436950215625,00:05:29,1.56179707324225,"1600-1698 Turk Street, San Francisco, CA 94115, USA"
7,37.7797476500001,-122.438177225,00:05:39,1.629701293818,"1750-1798 Turk Street, San Francisco, CA 94115, USA"
7,37.7795915062501,-122.439404234375,00:05:49,1.69760551439375,"1844 Turk Street, San Francisco, CA 94109, USA"
7,37.7794353625001,-122.44063124375,00:05:59,1.7655097349695,"1912,1910 Turk Street, San Francisco, CA 94109, USA"
7,37.7792792187501,-122.441858253125,00:06:09,1.83341395554525,"1995 Turk Street, San Francisco, CA 94115, USA"
7,37.7791230750001,-122.4430852625,00:06:19,1.901318176121,"2055 Turk Boulevard, San Francisco, CA 94118, USA"
7,37.7789669312501,-122.444312271875,00:06:29,1.96922239669675,"2111 Turk Boulevard, San Francisco, CA 94118, USA"
7,37.7788107875001,-122.44553928125,00:06:39,2.0371266172725,"2201-2231 Turk Street, San Francisco, CA 94118, USA"
7,37.7786546437501,-122.446766290625,00:06:49,2.10503083784825,"2293 Turk Street, San Francisco, CA 94118, USA"
7,37.7775536,-122.4478057,00:07:12,2.784985682544,"2257 Golden Gate Avenue, San Francisco, CA 94118, USA"
7,37.7775653,-122.4477894,00:07:12,2.784985682544,"2240 Golden Gate Avenue, San Francisco, CA 94118, USA"
8,42.342634,-71.122545,00:00:00,0,"286 Harvard Street, Brookline, MA 02446, USA"
8,42.3435856,-71.1229896222222,00:00:10,0.0591683457271111,"9 Babcock Street, Brookline, MA 02446, USA"
8,42.3442879,-71.1235665444444,00:00:20,0.118336691454222,"3 Bradford Terrace, Brookline, MA 02446, USA"
8,42.3449902,-71.1241434666667,00:00:30,0.177505037181333,"11 Stedman Street, Brookline, MA 02446, USA"
8,42.3456925,-71.1247203888889,00:00:40,0.236673382908444,"51 Beals Street, Brookline, MA 02446, USA"
8,42.3463948,-71.1252973111111,00:00:50,0.295841728635556,"14-46 Naples Road, Brookline, MA 02446, USA"
8,42.3470971,-71.1258742333333,00:01:00,0.355010074362667,"21 Clarence Street, Brookline, MA 02446, USA"
8,42.3477994,-71.1264511555556,00:01:10,0.414178420089778,"94-146 Coolidge Street, Brookline, MA 02446, USA"
8,42.3485017,-71.1270280777778,00:01:20,0.473346765816889,"122 Thorndike Street, Brookline, MA 02446, USA"
8,42.349204,-71.127605,00:01:30,0.532515111544,"27-117 Lawton Street, Brookline, MA 02446, USA"
8,42.3499063,-71.1281819222222,00:01:40,0.591683457271111,"1168 Commonwealth Avenue, Allston, MA 02134, USA"
8,42.3506086,-71.1287588444444,00:01:50,0.650851802998222,"1177 Commonwealth Avenue, Boston, MA 02134, USA"
8,42.3513109,-71.1293357666667,00:02:00,0.710020148725333,"28 Reedsdale Street, Allston, MA 02134, USA"
8,42.3520132,-71.1299126888889,00:02:10,0.769188494452445,"84 Linden Street, Allston, MA 02134, USA"
8,42.3527155,-71.1304896111111,00:02:20,0.828356840179556,"108 Brighton Avenue, Boston, MA 02134, USA"
8,42.3534178,-71.1310665333333,00:02:30,0.887525185906667,"21 Gardner Street, Allston, MA 02134, USA"
8,42.3541201,-71.1316434555556,00:02:40,0.946693531633778,"9-11 Farrington Avenue, Boston, MA 02134, USA"
8,42.3548224,-71.1322203777778,00:02:50,1.00586187736089,"32-34 Harvard Avenue, Boston, MA 02134, USA"
8,42.356107525,-71.131202225,00:03:18,0.091030879628,"342 Cambridge Street, Boston, MA 02135, USA"
8,42.35669035,-71.12960715,00:03:28,0.182061759256,"310 Cambridge Street, Allston, MA 02134, USA"
8,42.357273175,-71.128012075,00:03:38,0.273092638884,"270 Cambridge Street, Boston, MA 02134, USA"
8,42.3587038444444,-71.1264369444445,00:04:01,0.0750478317448889,"82-84 Empire Street, Boston, MA 02134, USA"
8,42.3595516888889,-71.1264568888889,00:04:11,0.150095663489778,"17 Hopedale Street, Allston, MA 02134, USA"
8,42.3603995333333,-71.1264768333333,00:04:21,0.225143495234667,"39-41 Eatonia Street, Boston, MA 02134, USA"
8,42.3612473777778,-71.1264967777778,00:04:31,0.300191326979556,"76 Seattle Street, Allston, MA 02134, USA"
8,42.3620952222222,-71.1265167222222,00:04:41,0.375239158724444,"28 Travis Street, Allston, MA 02134, USA"
8,42.3629430666667,-71.1265366666667,00:04:51,0.450286990469333,"146-148 Western Avenue, Boston, MA 02134, USA"
8,42.3637909111111,-71.1265566111111,00:05:01,0.525334822214222,"5 Stadium Way, Allston, MA 02134, USA"
8,42.3646387555555,-71.1265765555556,00:05:11,0.600382653959111,"48-98 Hefferan Street, Boston, MA 02134, USA"
8,42.36576295,-71.126913875,00:05:37,0.028583074832,"107 North Harvard Street, Harvard University, Boston, MA 02163, USA"
8,42.3660393,-71.12723125,00:05:47,0.057166149664,"91 North Harvard Street, Harvard University, Boston, MA 02163, USA"
8,42.36631565,-71.127548625,00:05:57,0.085749224496,"91 North Harvard Street, Harvard University, Boston, MA 02163, USA"
8,42.36691595,-71.128525025,00:06:23,0.064622603968,"65 North Harvard Street, Harvard University, Boston, MA 02163, USA"
8,42.3672399,-71.12918405,00:06:33,0.129245207936,"114 North Harvard Street, Harvard University, Boston, MA 02134, USA"
8,42.36756385,-71.129843075,00:06:43,0.193867811904,"970-1114 Soldiers Field Road, Boston, MA 02163, USA"
8,42.367561,-71.129498,00:07:02,2.477406942504,"970-1114 Soldiers Field Road, Boston, MA 02163, USA"
9,37.78906,-122.402127,00:00:00,0,"1 Post Street, San Francisco, CA 94104, USA"
9,37.7891114,-122.4020365,00:00:01,0.005592340728,"1 Montgomery Street, San Francisco, CA 94104, USA"
9,37.7888206,-122.402,00:00:06,0.026097590064,"44 Montgomery Street, San Francisco, CA 94104, USA"
9,37.7879271538461,-122.404025419231,00:00:29,0.059914522244,"30 Geary Street, San Francisco, CA 94108, USA"
9,37.7878002076923,-122.405109438462,00:00:39,0.119829044488,"100-114 Grant Avenue, San Francisco, CA 94108, USA"
9,37.7876732615385,-122.406193457692,00:00:49,0.179743566732,"172 Geary Street, San Francisco, CA 94108, USA"
9,37.7875463153846,-122.407277476923,00:00:59,0.239658088976,"250 Geary Street, San Francisco, CA 94102, USA"
9,37.7874193692308,-122.408361496154,00:01:09,0.29957261122,"306-310 Geary Street, San Francisco, CA 94102, USA"
9,37.7872924230769,-122.409445515385,00:01:19,0.359487133464,"372 Geary Street, San Francisco, CA 94102, USA"
9,37.7871654769231,-122.410529534615,00:01:29,0.419401655708,"452 Geary Street, San Francisco, CA 94102, USA"
9,37.7870385307692,-122.411613553846,00:01:39,0.479316177952,"501 Taylor Street, San Francisco, CA 94102, USA"
9,37.7869115846154,-122.412697573077,00:01:49,0.539230700196,"550 Geary Street, San Francisco, CA 94102, USA"
9,37.7867846384615,-122.413781592308,00:01:59,0.59914522244,"737 Geary Street, San Francisco, CA 94102, USA"
9,37.7866576923077,-122.414865611539,00:02:09,0.659059744684,"601 Leavenworth Street, San Francisco, CA 94109, USA"
9,37.7865307461538,-122.415949630769,00:02:19,0.718974266928,"776 Geary Street, San Francisco, CA 94102, USA"
9,37.7864038,-122.41703365,00:02:29,0.778888789172,"822 Geary Street, San Francisco, CA 94102, USA"
9,37.7862768538461,-122.418117669231,00:02:39,0.838803311416,"900-920 Larkin Street, San Francisco, CA 94109, USA"
9,37.7861499076923,-122.419201688462,00:02:49,0.89871783366,"9700 Geary Street, San Francisco, CA 94109, USA"
9,37.7860229615384,-122.420285707692,00:02:59,0.958632355904,"1030 Geary Street, San Francisco, CA 94109, USA"
9,37.7858960153846,-122.421369726923,00:03:09,1.018546878148,"1100 El Camino Real, San Francisco, CA 94109, USA"
9,37.7857690692307,-122.422453746154,00:03:19,1.078461400392,"1100-1170 Geary Boulevard, San Francisco, CA 94109, USA"
9,37.7856421230769,-122.423537765385,00:03:29,1.138375922636,"1200 Geary Boulevard, San Francisco, CA 94109, USA"
9,37.785515176923,-122.424621784615,00:03:39,1.19829044488,"1-99 Peter Yorke Way, San Francisco, CA 94109, USA"
9,37.7853882307692,-122.425705803846,00:03:49,1.258204967124,"1334-1400 Geary Boulevard, San Francisco, CA 94109, USA"
9,37.7852612846153,-122.426789823077,00:03:59,1.318119489368,"1402-1462 Geary Boulevard, San Francisco, CA 94109, USA"
9,37.7851343384615,-122.427873842308,00:04:09,1.378034011612,"1464-1498 Geary Boulevard, San Francisco, CA 94109, USA"
9,37.7850073923076,-122.428957861539,00:04:19,1.437948533856,"1500-1572 Geary Boulevard, San Francisco, CA 94115, USA"
9,37.7848804461538,-122.430041880769,00:04:29,1.4978630561,"1610 Geary Boulevard, Japan Center, Nihonmachi Mall Shopping Center, San Francisco, CA 94115, USA"
9,37.7854775333333,-122.431297666667,00:04:50,0.050952437744,"1600 Webster Street, Japan Center, San Francisco, CA 94115, USA"
9,37.7862015666667,-122.431469433333,00:05:00,0.101904875488,"1654-1698 Webster Street, San Francisco, CA 94115, USA"
9,37.7872667,-122.4316581,00:05:16,1.834287758784,"2094 Bush Street, San Francisco, CA 94115, USA"
9,37.78740945,-122.4305519,00:05:26,0.061205062412,"2001-2031 Bush Street, San Francisco, CA 94115, USA"
9,37.787813,-122.429498,00:05:38,1.956697883608,"1956 Bush Street, San Francisco, CA 94115, USA"
10,37.787813,-122.429498,00:00:00,0,"1956 Bush Street, San Francisco, CA 94115, USA"
10,37.78770233,-122.42825461,00:00:10,0.065865346352,"1884 Bush Street, San Francisco, CA 94109, USA"
10,37.78785246,-122.42706352,00:00:20,0.131730692704,"1801-1843 Bush Street, San Francisco, CA 94109, USA"
10,37.78800259,-122.42587243,00:00:30,0.197596039056,"1710-1712 Bush Street, San Francisco, CA 94109, USA"
10,37.78815272,-122.42468134,00:00:40,0.263461385408,"1660-1698 Bush Street, San Francisco, CA 94109, USA"
10,37.78830285,-122.42349025,00:00:50,0.32932673176,"1581-1599 Bush Street, San Francisco, CA 94109, USA"
10,37.78845298,-122.42229916,00:01:00,0.395192078112,"1501-1533 Bush Street, San Francisco, CA 94109, USA"
10,37.78860311,-122.42110807,00:01:10,0.461057424464,"1441 Bush Street, San Francisco, CA 94109, USA"
10,37.78875324,-122.41991698,00:01:20,0.526922770816,"1361-1399 Bush Street, San Francisco, CA 94109, USA"
10,37.78890337,-122.41872589,00:01:30,0.592788117168,"1333 Bush Street, San Francisco, CA 94104, USA"
10,37.7890535,-122.4175348,00:01:40,0.65865346352,"1235 Bush Street, San Francisco, CA 94104, USA"
10,37.78920363,-122.41634371,00:01:50,0.724518809872,"1121-1123 Bush Street, San Francisco, CA 94109, USA"
10,37.78935376,-122.41515262,00:02:00,0.790384156224,"1073 Bush Street, San Francisco, CA 94104, USA"
10,37.78950389,-122.41396153,00:02:10,0.856249502576,"1005 Bush Street, San Francisco, CA 94104, USA"
10,37.78965402,-122.41277044,00:02:20,0.922114848928,"947-955 Bush Street, San Francisco, CA 94109, USA"
10,37.78980415,-122.41157935,00:02:30,0.98798019528,"863 Bush Street, San Francisco, CA 94104, USA"
10,37.78995428,-122.41038826,00:02:40,1.053845541632,"Lower Nob Hill, San Francisco, CA, USA"
10,37.79010441,-122.40919717,00:02:50,1.119710887984,"Powell St & Bush St, San Francisco, CA 94108, USA"
10,37.79025454,-122.40800608,00:03:00,1.185576234336,"Chinatown, San Francisco, CA, USA"
10,37.79040467,-122.40681499,00:03:10,1.251441580688,"597-599 Bush Street, San Francisco, CA 94108, USA"
10,37.7899458,-122.405510133333,00:03:36,0.0424603647866667,"310 Grant Avenue, San Francisco, CA 94108, USA"
10,37.7893368,-122.405396366667,00:03:46,0.0849207295733333,"256 Grant Avenue, San Francisco, CA 94133, USA"
10,37.788821675,-122.40449515,00:04:13,0.04349598344,"155 Post Street, San Francisco, CA 94108, USA"
10,37.78891555,-122.4037077,00:04:23,0.08699196688,"88-98 Kearny Street, San Francisco, CA 94108, USA"
10,37.789009425,-122.40292025,00:04:33,0.13048795032,"49-55 Post Street, San Francisco, CA 94104, USA"
10,37.78906,-122.402127,00:04:45,1.61867195516,"1 Post Street, San Francisco, CA 94104, USA"
11,48.843545,2.385352,00:00:00,0,"2-4 Rue Charles Nicolle, 75012 Paris, France"
11,48.8426375,2.3858796,00:00:10,0.064622603968,"1 Rue Montgallet, 75012 Paris, France"
11,48.8423050333333,2.38570514666667,00:00:36,0.0531065245429333,"149 Avenue Daumesnil, 75012 Paris, France"
11,48.8427568666667,2.38476409333333,00:00:46,0.106213049085867,"135 Avenue Daumesnil, 75012 Paris, France"
11,48.8432087,2.38382304,00:00:56,0.1593195736288,"135 Avenue Daumesnil, 75012 Paris, France"
11,48.8436605333333,2.38288198666667,00:01:06,0.212426098171733,"129 Avenue Daumesnil, 75012 Paris, France"
11,48.8441123666667,2.38194093333333,00:01:16,0.265532622714667,"129 Avenue Daumesnil, 75012 Paris, France"
11,48.8445642,2.38099988,00:01:26,0.3186391472576,"117-121 Avenue Daumesnil, 75012 Paris, France"
11,48.8450160333334,2.38005882666667,00:01:36,0.371745671800533,"103-107 Avenue Daumesnil, 75012 Paris, France"
11,48.8454678666667,2.37911777333333,00:01:46,0.424852196343467,"93-95 Avenue Daumesnil, 75012 Paris, France"
11,48.8459197,2.37817672,00:01:56,0.4779587208864,"79-97 Avenue Daumesnil, 75012 Paris, France"
11,48.8463715333334,2.37723566666667,00:02:06,0.531065245429333,"73 Avenue Daumesnil, 75012 Paris, France"
11,48.8468233666667,2.37629461333333,00:02:16,0.584171769972267,"38 Avenue Daumesnil, 75012 Paris, France"
11,48.8472752,2.37535356,00:02:26,0.6372782945152,"47 Avenue Daumesnil, 75012 Paris, France"
11,48.8477270333334,2.37441250666667,00:02:36,0.690384819058133,"26BIS Avenue Daumesnil, 75012 Paris, France"
11,48.8481788666667,2.37347145333333,00:02:46,0.743491343601067,"24 Avenue Daumesnil, 75012 Paris, France"
11,48.8480696,2.37155272,00:03:10,0.05903026324,"51 Avenue Ledru-Rollin, 75012 Paris, France"
11,48.8475085,2.37057504,00:03:20,0.11806052648,"31-37 Avenue Ledru-Rollin, 75012 Paris, France"
11,48.8469474,2.36959736,00:03:30,0.17709078972,"24 Avenue Ledru-Rollin, 75012 Paris, France"
11,48.8463863,2.36861968,00:03:40,0.23612105296,"14 Avenue Ledru-Rollin, 75012 Paris, France"
11,48.8452065,2.36648405,00:04:01,0.068040145524,"93 Pont d'Austerlitz, 75012 Paris, France"
11,48.8441992,2.3647752,00:04:19,1.394356954848,"1 Place Valhubert, 75005 Paris, France"
11,48.84336162,2.364177,00:04:29,0.0656167978752,"Boulevard de l'Hôpital, 75005 Paris, France"
11,48.84252404,2.3635788,00:04:39,0.1312335957504,"Passage Maurel, 75005 Paris, France"
11,48.84168646,2.3629806,00:04:49,0.1968503936256,"18-20 Boulevard de l'Hôpital, 75013 Paris, France"
11,48.84084888,2.3623824,00:04:59,0.2624671915008,"30 Boulevard de l'Hôpital, 75005 Paris, France"
11,48.8396592555556,2.3606775,00:05:27,0.0559924485235556,"10 Boulevard Saint-Marcel, 75005 Paris, France"
11,48.8393072111111,2.3595708,00:05:37,0.111984897047111,"24 Boulevard Saint-Marcel, 75005 Paris, France"
11,48.8389551666667,2.3584641,00:05:47,0.167977345570667,"34 Bis Boulevard Saint-Marcel, 75005 Paris, France"
11,48.8386031222222,2.3573574,00:05:57,0.223969794094222,"40 Boulevard Saint-Marcel, 75005 Paris, France"
11,48.8382510777778,2.3562507,00:06:07,0.279962242617778,"54-56 Boulevard Saint-Marcel, 75005 Paris, France"
11,48.8378990333333,2.355144,00:06:17,0.335954691141333,"64-66 Boulevard Saint-Marcel, 75005 Paris, France"
11,48.8375469888889,2.3540373,00:06:27,0.391947139664889,"72 Boulevard Saint-Marcel, 75005 Paris, France"
11,48.8371949444444,2.3529306,00:06:37,0.447939588188444,"86 Boulevard Saint-Marcel, 75005 Paris, France"
11,48.83669391875,2.35061613125,00:07:00,0.056933135467,"1 Boulevard de Port-Royal, 75005 Paris, France"
11,48.8365449375,2.3494083625,00:07:10,0.113866270934,"11 Boulevard de Port-Royal, 75005 Paris, France"
11,48.83639595625,2.34820059375,00:07:20,0.170799406401,"42C,42D Rue Pascal, 75013 Paris, France"
11,48.836246975,2.346992825,00:07:30,0.227732541868,"83 Rue Broca, 75013 Paris, France"
11,48.83609799375,2.34578505625,00:07:40,0.284665677335,"23 Rue Saint-Hippolyte, 75013 Paris, France"
11,48.8359490125,2.3445772875,00:07:50,0.341598812802,"6 Square Grange, 75013 Paris, France"
11,48.83580003125,2.34336951875,00:08:00,0.398531948269,"Impasse de la Santé, 75013 Paris, France"
11,48.83565105,2.34216175,00:08:10,0.455465083736,"37-43 Rue de la Santé, 75013 Paris, France"
11,48.83550206875,2.34095398125,00:08:20,0.512398219203,"3 Rue Mechain, 75014 Paris, France"
11,48.8353530875,2.3397462125,00:08:30,0.56933135467,"11-17 Rue Mechain, 75014 Paris, France"
11,48.83520410625,2.33853844375,00:08:40,0.626264490137,"88-94 Boulevard Arago, 75014 Paris, France"
11,48.835055125,2.337330675,00:08:50,0.683197625604,"57 Rue du Faubourg Saint-Jacques, 75014 Paris, France"
11,48.83490614375,2.33612290625,00:09:00,0.740130761071,"98 Boulevard Arago, 75013 Paris, France"
11,48.8347571625,2.3349151375,00:09:10,0.797063896538,"104-106 Boulevard Arago, 75014 Paris, France"
11,48.83460818125,2.33370736875,00:09:20,0.853997032005,"110 Boulevard Arago, 75014 Paris, France"
11,48.8343603,2.3324057,00:09:32,3.145380973904,"Rue Froidevaux, 75014 Paris, France"
11,48.8347244444444,2.33135731111111,00:09:42,0.0539902524604444,"6 Place Denfert-Rochereau, 75014 Paris, France"
11,48.8350885888889,2.33030892222222,00:09:52,0.107980504920889,"10 Rue Froidevaux, 75014 Paris, France"
11,48.8354527333333,2.32926053333333,00:10:02,0.161970757381333,"17 Rue Froidevaux, 75014 Paris, France"
11,48.8358168777778,2.32821214444444,00:10:12,0.215961009841778,"27 Rue Froidevaux, 75014 Paris, France"
11,48.8361810222222,2.32716375555555,00:10:22,0.269951262302222,"45-49 Rue Froidevaux, 75014 Paris, France"
11,48.8365451666667,2.32611536666667,00:10:32,0.323941514762667,"51 Rue Froidevaux, 75014 Paris, France"
11,48.8369093111111,2.32506697777778,00:10:42,0.377931767223111,"63 Rue Froidevaux, 75014 Paris, France"
11,48.8372734555556,2.32401858888889,00:10:52,0.431922019683555,"79 Rue Froidevaux, 75014 Paris, France"
11,48.83756435,2.32160375,00:11:13,0.062447804796,"11-13 Rue Jean Zay, 75014 Paris, France"
11,48.838636725,2.318011025,00:12:05,0.072700429464,"11 Place des Cinq Martyrs du Lycée Buffon, 75014 Paris, France"
11,48.83939275,2.31830715,00:12:15,0.145400858928,"Allée de la 2ème Division Blindée, 75015 Paris, France"
11,48.840148775,2.318603275,00:12:25,0.218101288392,"25 Allée du Capitaine Dronne, 75015 Paris, France"
11,48.8402133,2.31809295,00:12:54,0.060273005624,"25 Allée du Capitaine Dronne, 75015 Paris, France"
11,48.839478,2.317374,00:13:04,4.308587845328,"Allée du Capitaine Dronne, 75015 Paris, France"
12,37.7800571,-122.4355112,00:00:00,0,"1661 Turk Street, San Francisco, CA 94115, USA"
12,37.7798936666667,-122.436875066667,00:00:10,0.0753930379626667,"1681-1699 Turk Street, San Francisco, CA 94115, USA"
12,37.7797158333333,-122.438236033333,00:00:20,0.150786075925333,"1761 Turk Street, San Francisco, CA 94109, USA"
12,37.7795236,-122.4395943,00:00:30,0.226179113888,"1855-1871 Turk Street, San Francisco, CA 94115, USA"
13,37.78906,-122.402127,00:00:00,0,"1 Post Street, San Francisco, CA 94104, USA"
13,37.7891114,-122.4020365,00:00:01,0.005592340728,"1 Montgomery Street, San Francisco, CA 94104, USA"
13,37.7888206,-122.402,00:00:06,0.026097590064,"44 Montgomery Street, San Francisco, CA 94104, USA"
13,37.7882288777778,-122.402747666667,00:00:16,0.057787520856,"668 Market Street, San Francisco, CA 94103, USA"
13,37.7876371555556,-122.403495333333,00:00:26,0.115575041712,"701-703 Market Street, San Francisco, CA 94102, USA"
13,37.7870454333333,-122.404243,00:00:36,0.173362562568,"740 Market Street, San Francisco, CA 94102, USA"
13,37.7864537111111,-122.404990666667,00:00:46,0.231150083424,"757-759 Market Street, San Francisco, CA 94102, USA"
13,37.7858619888889,-122.405738333333,00:00:56,0.28893760428,"774-798 Market Street, San Francisco, CA 94102, USA"
13,37.7852702666667,-122.406486,00:01:06,0.346725125136,"833 Market Street, San Francisco, CA 94102, USA"
13,37.7846785444444,-122.407233666667,00:01:16,0.404512645992,"855 Market Street, San Francisco, CA 94102, USA"
13,37.7840868222222,-122.407981333333,00:01:26,0.462300166848,"877-899 Market Street, San Francisco, CA 94102, USA"
13,37.7833462478261,-122.409893569565,00:01:49,0.0644334909965217,"48 Turk Street, San Francisco, CA 94102, USA"
13,37.7831973956522,-122.41105813913,00:01:59,0.128866981993043,"112 Turk Street, San Francisco, CA 94109, USA"
13,37.7830485434783,-122.412222708696,00:02:09,0.193300472989565,"180 Turk Street, San Francisco, CA 94109, USA"
13,37.7828996913043,-122.413387278261,00:02:19,0.257733963986087,"256-270 Turk Street, San Francisco, CA 94102, USA"
13,37.7827508391304,-122.414551847826,00:02:29,0.322167454982609,"326-350 Turk Street, San Francisco, CA 94102, USA"
13,37.7826019869565,-122.415716417391,00:02:39,0.38660094597913,"201 Hyde Street, San Francisco, CA 94102, USA"
13,37.7824531347826,-122.416880986957,00:02:49,0.451034436975652,"408-426 Turk Street, San Francisco, CA 94102, USA"
13,37.7823042826087,-122.418045556522,00:02:59,0.515467927972174,"500 Turk Street, San Francisco, CA 94109, USA"
13,37.7821554304348,-122.419210126087,00:03:09,0.579901418968696,"600-640 Turk Street, San Francisco, CA 94102, USA"
13,37.7820065782609,-122.420374695652,00:03:19,0.644334909965217,"650 Turk Street, San Francisco, CA 94109, USA"
13,37.7818577260869,-122.421539265217,00:03:29,0.708768400961739,"748-798 Turk Street, San Francisco, CA 94102, USA"
13,37.781708873913,-122.422703834783,00:03:39,0.773201891958261,"800-868 Turk Street, San Francisco, CA 94102, USA"
13,37.7815600217391,-122.423868404348,00:03:49,0.837635382954783,"899 Turk Street, San Francisco, CA 94102, USA"
13,37.7814111695652,-122.425032973913,00:03:59,0.902068873951304,"901-999 Turk Street, San Francisco, CA 94102, USA"
13,37.7812623173913,-122.426197543478,00:04:09,0.966502364947826,"1011 Turk Street, San Francisco, CA 94109, USA"
13,37.7811134652174,-122.427362113044,00:04:19,1.03093585594435,"1100 Turk Street, San Francisco, CA 94109, USA"
13,37.7809646130435,-122.428526682609,00:04:29,1.09536934694087,"1196-1198 Turk Street, San Francisco, CA 94115, USA"
13,37.7808157608695,-122.429691252174,00:04:39,1.15980283793739,"1201-1299 Turk Street, San Francisco, CA 94115, USA"
13,37.7806669086956,-122.430855821739,00:04:49,1.22423632893391,"1310 Turk Street, San Francisco, CA 94109, USA"
13,37.7805180565217,-122.432020391304,00:04:59,1.28866981993044,"1345-1399 Turk Street, San Francisco, CA 94115, USA"
13,37.7803692043478,-122.43318496087,00:05:09,1.35310331092696,"1401-1499 Turk Street, San Francisco, CA 94115, USA"
13,37.7802203521739,-122.434349530435,00:05:19,1.41753680192348,"1501-1555 Turk Street, San Francisco, CA 94115, USA"
13,37.7800571,-122.4355112,00:05:32,2.028155570688,"1661 Turk Street, San Francisco, CA 94115, USA"
14,37.78906,-122.402127,00:00:00,0,"1 Post Street, San Francisco, CA 94104, USA"
14,37.7891114,-122.4020365,00:00:01,0.005592340728,"1 Montgomery Street, San Francisco, CA 94104, USA"
14,37.7888206,-122.402,00:00:06,0.026097590064,"44 Montgomery Street, San Francisco, CA 94104, USA"
14,37.7882288777778,-122.402747666667,00:00:16,0.057787520856,"668 Market Street, San Francisco, CA 94103, USA"
14,37.7876371555556,-122.403495333333,00:00:26,0.115575041712,"701-703 Market Street, San Francisco, CA 94102, USA"
14,37.7870454333333,-122.404243,00:00:36,0.173362562568,"740 Market Street, San Francisco, CA 94102, USA"
14,37.7864537111111,-122.404990666667,00:00:46,0.231150083424,"757-759 Market Street, San Francisco, CA 94102, USA"
14,37.7858619888889,-122.405738333333,00:00:56,0.28893760428,"774-798 Market Street, San Francisco, CA 94102, USA"
14,37.7852702666667,-122.406486,00:01:06,0.346725125136,"833 Market Street, San Francisco, CA 94102, USA"
14,37.7846785444444,-122.407233666667,00:01:16,0.404512645992,"855 Market Street, San Francisco, CA 94102, USA"
14,37.7840868222222,-122.407981333333,00:01:26,0.462300166848,"877-899 Market Street, San Francisco, CA 94102, USA"
14,37.7833429038462,-122.409916230769,00:01:49,0.065674155216,"48 Turk Street, San Francisco, CA 94102, USA"
14,37.7831907076923,-122.411103461538,00:01:59,0.131348310432,"112 Turk Street, San Francisco, CA 94109, USA"
14,37.7830385115385,-122.412290692308,00:02:09,0.197022465648,"180 Turk Street, San Francisco, CA 94109, USA"
14,37.7828863153846,-122.413477923077,00:02:19,0.262696620864,"270 Turk Street, San Francisco, CA 94109, USA"
14,37.7827341192308,-122.414665153846,00:02:29,0.32837077608,"350 Turk Street, San Francisco, CA 94102, USA"
14,37.7825819230769,-122.415852384615,00:02:39,0.394044931296,"400-406 Turk Street, San Francisco, CA 94102, USA"
14,37.7824297269231,-122.417039615385,00:02:49,0.459719086512,"476 Turk Street, San Francisco, CA 94102, USA"
14,37.7822775307692,-122.418226846154,00:02:59,0.525393241728,"550 Turk Street, San Francisco, CA 94102, USA"
14,37.7821253346154,-122.419414076923,00:03:09,0.591067396944,"600-640 Turk Street, San Francisco, CA 94102, USA"
14,37.7819731384615,-122.420601307692,00:03:19,0.65674155216,"600-798 Turk Street, San Francisco, CA 94102, USA"
14,37.7818209423077,-122.421788538462,00:03:29,0.722415707376,"748-798 Turk Street, San Francisco, CA 94102, USA"
14,37.7816687461538,-122.422975769231,00:03:39,0.788089862592,"835 Turk Street, San Francisco, CA 94109, USA"
14,37.78151655,-122.424163,00:03:49,0.853764017808,"901-999 Turk Street, San Francisco, CA 94102, USA"
14,37.7813643538461,-122.425350230769,00:03:59,0.919438173024,"901-999 Turk Street, San Francisco, CA 94102, USA"
14,37.7812121576923,-122.426537461538,00:04:09,0.985112328240001,"1011 Turk Street, San Francisco, CA 94109, USA"
14,37.7810599615384,-122.427724692308,00:04:19,1.050786483456,"1101-1161 Turk Street, San Francisco, CA 94115, USA"
14,37.7809077653846,-122.428911923077,00:04:29,1.116460638672,"1201 Turk Street, San Francisco, CA 94115, USA"
14,37.7807555692307,-122.430099153846,00:04:39,1.182134793888,"1201-1299 Turk Street, San Francisco, CA 94115, USA"
14,37.7806033730769,-122.431286384615,00:04:49,1.247808949104,"1345-1399 Turk Street, San Francisco, CA 94115, USA"
14,37.780451176923,-122.432473615385,00:04:59,1.31348310432,"1401-1499 Turk Street, San Francisco, CA 94115, USA"
14,37.7802989807692,-122.433660846154,00:05:09,1.379157259536,"1401-1499 Turk Street, San Francisco, CA 94115, USA"
14,37.7801467846153,-122.434848076923,00:05:19,1.444831414752,"1555-1599 Turk Street, San Francisco, CA 94115, USA"
14,37.7799945884615,-122.436035307692,00:05:29,1.510505569968,"1663 Turk Street, San Francisco, CA 94109, USA"
14,37.7798423923076,-122.437222538462,00:05:39,1.576179725184,"1701 Turk Street, San Francisco, CA 94115, USA"
14,37.7796901961538,-122.438409769231,00:05:49,1.6418538804,"1785 Turk Street, San Francisco, CA 94115, USA"
14,37.7795236,-122.4395943,00:06:02,2.253713313384,"1855-1871 Turk Street, San Francisco, CA 94115, USA"
15,37.7795236,-122.4395943,00:00:00,0,"1855-1871 Turk Street, San Francisco, CA 94115, USA"
15,37.7794419,-122.4404089,00:00:06,0.044738725824,"1898 Turk Street, San Francisco, CA 94115, USA"
15,37.7803724,-122.44059825,00:00:16,0.06524397516,"2006 Eddy Street, San Francisco, CA 94115, USA"
15,37.7824629333333,-122.439238933333,00:00:58,0.06524397516,"1398 Divisadero Street, San Francisco, CA 94115, USA"
15,37.7833965666667,-122.439426266667,00:01:08,0.13048795032,"2186 Geary Boulevard, San Francisco, CA 94121, USA"
15,37.7844627861111,-122.438572466667,00:01:35,0.0575803971253333,"2200-2298 Post Street, San Francisco, CA 94115, USA"
15,37.7845953722222,-122.437531333333,00:01:45,0.115160794250667,"2180 Post Street, San Francisco, CA 94115, USA"
15,37.7847279583333,-122.4364902,00:01:55,0.172741191376,"2100 Post Street, San Francisco, CA 94115, USA"
15,37.7848605444445,-122.435449066667,00:02:05,0.230321588501333,"2000 Post Street, San Francisco, CA 94115, USA"
15,37.7849931305556,-122.434407933333,00:02:15,0.287901985626667,"1975-1999 Post Street, San Francisco, CA 94115, USA"
15,37.7851257166667,-122.4333668,00:02:25,0.345482382752,"1920 Post Street, San Francisco, CA 94115, USA"
15,37.7852583027778,-122.432325666667,00:02:35,0.403062779877333,"1820-1898 Post Street, San Francisco, CA 94115, USA"
15,37.7853908888889,-122.431284533333,00:02:45,0.460643177002667,"1770-1798 Post Street, Japan Center, San Francisco, CA 94115, USA"
15,37.785523475,-122.4302434,00:02:55,0.518223574128,"1737 Post Street, Japan Center, San Francisco, CA 94115, USA"
15,37.7856560611111,-122.429202266667,00:03:05,0.575803971253333,"1655 Post Street, Japan Center, San Francisco, CA 94115, USA"
15,37.7857886472223,-122.428161133333,00:03:15,0.633384368378667,"1573-1599 Post Street, San Francisco, CA 94115, USA"
15,37.7859212333334,-122.42712,00:03:25,0.690964765504,"1501-1571 Post Street, San Francisco, CA 94109, USA"
15,37.7860538194445,-122.426078866667,00:03:35,0.748545162629334,"1401-1499 Post Street, San Francisco, CA 94109, USA"
15,37.7861864055556,-122.425037733333,00:03:45,0.806125559754667,"1401-1499 Post Street, San Francisco, CA 94109, USA"
15,37.7863189916667,-122.4239966,00:03:55,0.86370595688,"1323-1355 Post Street, San Francisco, CA 94109, USA"
15,37.7864515777778,-122.422955466667,00:04:05,0.921286354005334,"1255 Post Street, San Francisco, CA 94109, USA"
15,37.7865841638889,-122.421914333333,00:04:15,0.978866751130667,"1255 Post Street, San Francisco, CA 94109, USA"
15,37.7867167500001,-122.4208732,00:04:25,1.036447148256,"1157-1161 Post Street, San Francisco, CA 94109, USA"
15,37.7868493361112,-122.419832066667,00:04:35,1.09402754538133,"1061-1063 Post Street, San Francisco, CA 94109, USA"
15,37.7869819222223,-122.418790933333,00:04:45,1.15160794250667,"1025 Post Street, San Francisco, CA 94109, USA"
15,37.7871145083334,-122.4177498,00:04:55,1.209188339632,"949 Post Street, San Francisco, CA 94115, USA"
15,37.7872470944445,-122.416708666667,00:05:05,1.26676873675733,"900-922 Post Street, San Francisco, CA 94109, USA"
15,37.7873796805556,-122.415667533333,00:05:15,1.32434913388267,"830-866 Post Street, San Francisco, CA 94109, USA"
15,37.7875122666667,-122.4146264,00:05:25,1.381929531008,"761-775 Post Street, San Francisco, CA 94109, USA"
15,37.7876448527779,-122.413585266667,00:05:35,1.43950992813333,"701-711 Post Street, San Francisco, CA 94109, USA"
15,37.787777438889,-122.412544133333,00:05:45,1.49709032525867,"165-199 Shannon Street, San Francisco, CA 94102, USA"
15,37.7879100250001,-122.411503,00:05:55,1.554670722384,"589 Post Street, San Francisco, CA 94102, USA"
15,37.7880426111112,-122.410461866667,00:06:05,1.61225111950933,"525 Post Street, San Francisco, CA 94102, USA"
15,37.7881751972223,-122.409420733333,00:06:15,1.66983151663467,"450 San Francisco Bicycle Route 16, San Francisco, CA 94109, USA"
15,37.7883077833334,-122.4083796,00:06:25,1.72741191376,"395 Post Street, San Francisco, CA 94108, USA"
15,37.7884403694445,-122.407338466667,00:06:35,1.78499231088533,"333 Post Street, San Francisco, CA 94108, USA"
15,37.7885729555557,-122.406297333333,00:06:45,1.84257270801067,"251-259 Post Street, San Francisco, CA 94108, USA"
15,37.7887055416668,-122.4052562,00:06:55,1.900153105136,"170-198 Grant Avenue, San Francisco, CA 94108, USA"
15,37.7888381277779,-122.404215066667,00:07:05,1.95773350226133,"101-113 Post Street, San Francisco, CA 94108, USA"
15,37.788970713889,-122.403173933333,00:07:15,2.01531389938667,"65 Post Street, San Francisco, CA 94104, USA"
15,37.78906,-122.402127,00:07:33,2.540165432896,"1 Post Street, San Francisco, CA 94104, USA"
16,37.782551,-122.445368,00:00:00,0,"2570 Geary Boulevard, San Francisco, CA 94121, USA"
16,37.7824886,-122.4422338,00:00:27,0.04194255546,"350 Saint Joseph's Avenue, San Francisco, CA 94115, USA"
16,37.7821742,-122.4414858,00:00:41,0.231150083424,"2299 O'Farrell Street, San Francisco, CA 94115, USA"
16,37.7824365,-122.441911233333,00:00:51,0.0310685596,"350 Saint Joseph's Avenue, San Francisco, CA 94115, USA"
16,37.7826988,-122.442336666667,00:01:01,0.0621371192,"350 Saint Joseph's Avenue, San Francisco, CA 94115, USA"
16,37.7840369666667,-122.441895733333,00:01:38,0.0606872530853333,"2425-2431 Post Street, San Francisco, CA 94115, USA"
16,37.7841773333333,-122.440796866667,00:01:48,0.121374506170667,"2345-2375 Post Street, San Francisco, CA 94115, USA"
16,37.783508,-122.439525,00:02:14,0.629449017496,"1501 Divisadero Street, San Francisco, CA 94115, USA"
17,37.78906,-122.402127,00:00:00,0,"1 Post Street, San Francisco, CA 94104, USA"
17,37.7891114,-122.4020365,00:00:01,0.005592340728,"1 Montgomery Street, San Francisco, CA 94104, USA"
17,37.7888206,-122.402,00:00:06,0.026097590064,"44 Montgomery Street, San Francisco, CA 94104, USA"
17,37.7878999411765,-122.404143908824,00:00:29,0.0666329225303529,"30-36 Geary Street, San Francisco, CA 94108, USA"
17,37.7877457823529,-122.405346417647,00:00:39,0.133265845060706,"100-130 Geary Street, San Francisco, CA 94108, USA"
17,37.7875916235294,-122.406548926471,00:00:49,0.199898767591059,"157-199 Geary Street, San Francisco, CA 94108, USA"
17,37.7874374647059,-122.407751435294,00:00:59,0.266531690121412,"285 Geary Street, San Francisco, CA 94102, USA"
17,37.7872833058824,-122.408953944118,00:01:09,0.333164612651765,"347 Geary Street, San Francisco, CA 94102, USA"
17,37.7871291470588,-122.410156452941,00:01:19,0.399797535182118,"400 Geary Street, San Francisco, CA 94102, USA"
17,37.7869749882353,-122.411358961765,00:01:29,0.46643045771247,"490 Geary Street, San Francisco, CA 94102, USA"
17,37.7868208294118,-122.412561470588,00:01:39,0.533063380242823,"561 Geary Street, San Francisco, CA 94102, USA"
17,37.7866666705883,-122.413763979412,00:01:49,0.599696302773176,"639-651 Geary Street, San Francisco, CA 94102, USA"
17,37.7865125117647,-122.414966488235,00:01:59,0.666329225303529,"705 Geary Street, San Francisco, CA 94109, USA"
17,37.7863583529412,-122.416168997059,00:02:09,0.732962147833882,"775-795 Geary Street, San Francisco, CA 94109, USA"
17,37.7862041941177,-122.417371505882,00:02:19,0.799595070364235,"855 Geary Street, San Francisco, CA 94102, USA"
17,37.7860500352941,-122.418574014706,00:02:29,0.866227992894588,"925 Geary Street, San Francisco, CA 94109, USA"
17,37.7858958764706,-122.419776523529,00:02:39,0.932860915424941,"965 Polk Street, San Francisco, CA 94109, USA"
17,37.7857417176471,-122.420979032353,00:02:49,0.999493837955294,"1059-1099 Geary Street, San Francisco, CA 94109, USA"
17,37.7855875588236,-122.422181541176,00:02:59,1.06612676048565,"1109 Geary Boulevard, San Francisco, CA 94121, USA"
17,37.7854334,-122.42338405,00:03:09,1.132759683016,"1201-1279 Geary Boulevard, San Francisco, CA 94109, USA"
17,37.7852792411765,-122.424586558823,00:03:19,1.19939260554635,"2-98 Starr King Way, San Francisco, CA 94109, USA"
17,37.785125082353,-122.425789067647,00:03:29,1.26602552807671,"1301 Geary Boulevard, San Francisco, CA 94109, USA"
17,37.7849709235295,-122.42699157647,00:03:39,1.33265845060706,"1401-1499 Geary Boulevard, San Francisco, CA 94109, USA"
17,37.7848167647059,-122.428194085294,00:03:49,1.39929137313741,"1545 Geary Boulevard, San Francisco, CA 94121, USA"
17,37.7846626058824,-122.429396594118,00:03:59,1.46592429566776,"1555 Geary Boulevard, San Francisco, CA 94121, USA"
17,37.7845084470589,-122.430599102941,00:04:09,1.53255721819812,"1660 Geary Boulevard, Japan Center, Nihonmachi Mall Shopping Center, San Francisco, CA 94121, USA"
17,37.7843542882353,-122.431801611765,00:04:19,1.59919014072847,"1499 Geary Boulevard, San Francisco, CA 94115, USA"
17,37.7842001294118,-122.433004120588,00:04:29,1.66582306325882,"1805 Geary Boulevard, San Francisco, CA 94121, USA"
17,37.7840459705883,-122.434206629412,00:04:39,1.73245598578918,"1837 Geary Boulevard, San Francisco, CA 94121, USA"
17,37.7838918117648,-122.435409138235,00:04:49,1.79908890831953,"1903-1937 Geary Boulevard, San Francisco, CA 94115, USA"
17,37.7837376529412,-122.436611647059,00:04:59,1.86572183084988,"1939-2067 Geary Boulevard, San Francisco, CA 94115, USA"
17,37.7835834941177,-122.437814155882,00:05:09,1.93235475338024,"1400-1498 Scott Street, San Francisco, CA 94115, USA"
17,37.7834293352942,-122.439016664706,00:05:19,1.99898767591059,"2190 Geary Boulevard, San Francisco, CA 94115, USA"
17,37.7832751764707,-122.440219173529,00:05:29,2.06562059844094,"2238 Geary Boulevard, San Francisco, CA 94115, USA"
17,37.7831210176471,-122.441421682353,00:05:39,2.13225352097129,"2302 Geary Boulevard, San Francisco, CA 94121, USA"
17,37.7829668588236,-122.442624191176,00:05:49,2.19888644350165,"2364 Geary Boulevard, San Francisco, CA 94121, USA"
17,37.7825468,-122.4456483,00:06:11,0.10252624668,"2570 Geary Boulevard, San Francisco, CA 94115, USA"
17,37.7816682,-122.4475361,00:06:39,0.043185297844,"85 Masonic Avenue, San Francisco, CA 94117, USA"
17,37.7809133,-122.4487097,00:07:08,0.061205062412,"150-198 Anza Street, San Francisco, CA 94118, USA"
17,37.7822099666667,-122.448515433333,00:07:44,0.08699196688,"2733 Geary Boulevard, San Francisco, CA 94118, USA"
17,37.7823673333333,-122.446939066667,00:07:54,0.17398393376,"2670 Geary Boulevard, San Francisco, CA 94118, USA"
17,37.782551,-122.445368,00:08:07,3.130468065296,"2570 Geary Boulevard, San Francisco, CA 94121, USA"
18,37.7868782,-122.4121324,00:00:00,0,"522-542 Geary Street, San Francisco, CA 94102, USA"
18,37.7833959,-122.4394308,00:03:30,1.513660223712,"2186 Geary Boulevard, San Francisco, CA 94121, USA"
18,37.7864131,-122.4400331,00:04:09,1.724926428992,"1822 Divisadero Street, San Francisco, CA 94115, USA"
18,37.7864131,-122.4400331,00:04:09,1.724926428992,"1822 Divisadero Street, San Francisco, CA 94115, USA"
19,37.78906,-122.402127,00:00:00,0,"1 Post Street, San Francisco, CA 94104, USA"
19,37.7891114,-122.4020365,00:00:01,0.005592340728,"1 Montgomery Street, San Francisco, CA 94104, USA"
19,37.7888206,-122.402,00:00:06,0.026097590064,"44 Montgomery Street, San Francisco, CA 94104, USA"
19,37.7880541,-122.4029414,00:00:19,0.100040761912,"698 Market Street, San Francisco, CA 94105, USA"
19,37.7868781,-122.4121324,00:02:01,0.608322396968,"531 Geary Street, San Francisco, CA 94102, USA"
19,37.7868782,-122.4121324,00:02:01,0.608322396968,"522-542 Geary Street, San Francisco, CA 94102, USA"
20,37.78906,-122.402127,00:00:00,0,"1 Post Street, San Francisco, CA 94104, USA"
20,37.7891114,-122.4020365,00:00:01,0.005592340728,"1 Montgomery Street, San Francisco, CA 94104, USA"
20,37.7888206,-122.402,00:00:06,0.026097590064,"44 Montgomery Street, San Francisco, CA 94104, USA"
20,37.7880541,-122.4029414,00:00:19,0.100040761912,"698 Market Street, San Francisco, CA 94105, USA"
20,37.7833959,-122.4394308,00:05:31,2.12198262068,"2186 Geary Boulevard, San Francisco, CA 94121, USA"
20,37.7864131,-122.4400331,00:06:10,2.33324882596,"1822 Divisadero Street, San Francisco, CA 94115, USA"
20,37.7864131,-122.4400331,00:06:10,2.33324882596,"1822 Divisadero Street, San Francisco, CA 94115, USA"
21,37.7864131,-122.4400331,00:00:00,0,"1822 Divisadero Street, San Francisco, CA 94115, USA"
21,37.7880745,-122.4403644,00:00:23,0.116196412904,"2787 California Street, San Francisco, CA 94109, USA"
21,37.7882843,-122.4387624,00:00:37,0.20505249336,"2698 California Street, San Francisco, CA 94115, USA"
21,37.7863976,-122.4383945,00:01:04,0.336783186064,"2498 Bush Street, San Francisco, CA 94115, USA"
21,37.7905548,-122.4056239,00:05:43,2.149322953128,"398 Grant Avenue, San Francisco, CA 94108, USA"
21,37.7887278,-122.4052826,00:06:20,2.276704047488,"198 Post Street, San Francisco, CA 94108, USA"
21,37.7891033,-122.4021328,00:07:02,2.450687981248,"2-18 Post Street, San Francisco, CA 94104, USA"
21,37.78906,-122.402127,00:07:02,2.450687981248,"1 Post Street, San Francisco, CA 94104, USA"
